<rss xmlns:atom="http://www.w3.org/2005/Atom" version="2.0">
    <channel>
        <title>Actu : Toute l'actualité sur Le Monde.fr.</title>
        <description>
            Actu - Découvrez gratuitement tous les articles, les vidéos et les infographies de la rubrique Actu sur Le Monde.fr.
        </description>
        <copyright>Copyright Le Monde.fr</copyright>
        <link>http://www.lemonde.fr/m-actu/rss_full.xml</link>
        <atom:link href="http://www.lemonde.fr/m-actu/rss_full.xml" rel="self" type="application/rss+xml"/>
        <pubDate>2017/01/08</pubDate>
        <image>
            <url>
                http://www.lemonde.fr/medias/web/img/export/logo_lmfr_90x20_export.png
            </url>
            <title>Actu : Toute l'actualité sur Le Monde.fr.</title>
            <link>http://www.lemonde.fr/m-actu/rss_full.xml</link>
        </image>
        <item>
            <link>
                http://www.lemonde.fr/m-moyen-format/article/2017/01/06/la-diplomatie-des-tweet-et-des-clash_5058867_4497271.html
            </link>
            <title>La diplomatie des Tweet… et des clash</title>
            <description>
                Berné par une fausse information, le ministre pakistanais de la défense a utilisé Twitter pour menacer Israël d’une riposte nucléaire. Retour sur quelques Tweet bien sentis qui ont frôlé l’incident diplomatique.
            </description>
            <pubDate>2017/01/06</pubDate>
            <guid isPermaLink="true">http://www.lemonde.fr/tiny/5058867/</guid>
            <enclosure url="http://s1.lemde.fr/image/2017/01/06/644x322/5058861_3_a741_donald-trump-totalement-impulsif-et_50612da177ec5c0afc59063e56c62ba6.jpg" type="image/jpeg" length="44613"/>
        </item>
        <item>
            <link>
                http://www.lemonde.fr/m-moyen-format/article/2017/01/06/hollywood-et-pekin-main-dans-la-main_5058858_4497271.html
            </link>
            <title>Hollywood et Pékin main dans la main</title>
            <description>
                Matt Damon devant la caméra, Zhang Yimou derrière : avec ce casting, « La Grande Muraille », coproduction sino-américaine et épopée à la gloire de la Chine, veut séduire les publics des deux pays. Ce n’est pas gagné.
            </description>
            <pubDate>2017/01/06</pubDate>
            <guid isPermaLink="true">http://www.lemonde.fr/tiny/5058858/</guid>
            <enclosure url="http://s2.lemde.fr/image/2017/01/06/644x322/5058853_3_90f3_2017-01-04-6325c6d-2017010745-0-1871474043vudech_a7de699270142a5c4482997f2b114e6c.jpg" type="image/jpeg" length="35263"/>
        </item>
        <item>
            <link>
                http://www.lemonde.fr/m-moyen-format/article/2017/01/06/a-bahrein-les-celebrations-de-hanoukka-font-grincer-des-dents_5058816_4497271.html
            </link>
            <title>
                A Bahreïn, les célébrations de Hanoukka font grincer des dents
            </title>
            <description>
                Une vidéo de la fête des Lumières célébrée par des hommes d’affaires bahreïnis et des juifs américains, le 24 décembre 2016, à Manama a provoqué la colère publique. Notamment chez les chiites.
            </description>
            <pubDate>2017/01/06</pubDate>
            <guid isPermaLink="true">http://www.lemonde.fr/tiny/5058816/</guid>
            <enclosure url="http://s1.lemde.fr/image/2017/01/06/644x322/5058814_3_2014_les-reseaux-sociaux-ont-largement-relaye-des-i_eaf02abbc46352226427e580cb46c046.jpg" type="image/jpeg" length="30276"/>
        </item>
        <item>
            <link>
                http://www.lemonde.fr/m-moyen-format/article/2017/01/05/l-ombre-de-chantal-akerman_5058203_4497271.html
            </link>
            <title>L’ombre de Chantal Akerman</title>
            <description>
                Un an après la mort de la cinéaste, la Ferme du Buisson, en Seine-et-Marne, présente une installation vidéo qu’elle avait imaginée en 2013.
            </description>
            <pubDate>2017/01/05</pubDate>
            <guid isPermaLink="true">http://www.lemonde.fr/tiny/5058203/</guid>
            <enclosure url="http://s2.lemde.fr/image/2017/01/05/644x322/5058201_3_e42b_chantal-akerman-maniac-shadows-2013-jus_ce9646a3881d7dc293bfb23b3374e9f7.jpg" type="image/jpeg" length="36920"/>
        </item>
        <item>
            <link>
                http://www.lemonde.fr/m-actu/portfolio/2017/01/05/l-elysee-inedit_5057923_4497186.html
            </link>
            <title>L’Élysée inédit</title>
            <description>
                Le plasticien Laurent Grasso présente à la galerie Perrotin, à Paris du 7 au 14 janvier, une vidéo tournée dans le quasi inaccessible salon Doré du palais de l’Élysée. Du bureau Régence au papier à en-tête, plusieurs strates d’histoire s’y superposent.
            </description>
            <pubDate>2017/01/05</pubDate>
            <guid isPermaLink="true">http://www.lemonde.fr/tiny/5057923/</guid>
            <enclosure url="http://s1.lemde.fr/image/2017/01/05/644x322/5057919_3_9da0_2016-12-30-3b9ebe7-18156-1fqglqo-tp4dyrpb9_6bedfe0debaf712a2a91356b5143b5d0.jpg" type="image/jpeg" length="51157"/>
        </item>
        <item>
            <link>
                http://www.lemonde.fr/m-moyen-format/article/2017/01/05/l-esprit-de-l-elysee-capture-par-laurent-grasso_5057920_4497271.html
            </link>
            <title>L’esprit de l’Élysée capturé par Laurent Grasso</title>
            <description>
                Tournée par le plasticien dans le bureau du président de la République, la vidéo « Elysée » offre une vision inédite des symboles du pouvoir. Elle est projetée à la galerie Perrotin, à Paris, jusqu’au 14 janvier.
            </description>
            <pubDate>2017/01/05</pubDate>
            <guid isPermaLink="true">http://www.lemonde.fr/tiny/5057920/</guid>
            <enclosure url="http://s2.lemde.fr/image/2017/01/05/644x322/5057913_3_2690_laurent-grasso-a-pose-son-objectif-dans-le_44d43e5af59fb96fb210c73e4ce67e60.jpg" type="image/jpeg" length="65529"/>
        </item>
        <item>
            <link>
                http://www.lemonde.fr/m-gens-face-a-face/article/2017/01/04/michele-alliot-marie-et-henri-guaino-au-nom-du-gaullisme_5057576_4497214.html
            </link>
            <title>
                Michèle Alliot-Marie et Henri Guaino : au nom du gaullisme
            </title>
            <description>
                La députée européenne et le député des Yvelines se sont directement présentés à l’élection présidentielle, sans passer par la case primaire, remportée par François Fillon.
            </description>
            <pubDate>2017/01/04</pubDate>
            <guid isPermaLink="true">http://www.lemonde.fr/tiny/5057576/</guid>
            <enclosure url="http://s1.lemde.fr/image/2017/01/04/644x322/5057574_3_8710_michele-alliot-marie-et-henri-guaino_55aba717a0f711defeed82f81fa471ef.jpg" type="image/jpeg" length="35139"/>
        </item>
        <item>
            <link>
                http://www.lemonde.fr/m-actu-chroniques/portfolio/2017/01/03/le-grand-defile-de-roselyne-bachelot_5057117_4573473.html
            </link>
            <title>Le grand défilé de Roselyne Bachelot</title>
            <description>
                Notre chroniqueur a encore frappé : après Vincent Bolloré ou Bernard Cazeneuve, Marc Beaugé décortique le vestiaire de l’ancienne ministre qui vient de fêter ses 70 ans.
            </description>
            <pubDate>2017/01/03</pubDate>
            <guid isPermaLink="true">http://www.lemonde.fr/tiny/5057117/</guid>
            <enclosure url="http://s2.lemde.fr/image/2017/01/03/644x322/5057112_3_6dd4_notre-chroniqueur-a-encore-frappe-apres-v_3f60199bd70c868451def21b87f541c2.jpg" type="image/jpeg" length="49294"/>
        </item>
        <item>
            <link>
                http://www.lemonde.fr/m-moyen-format/article/2017/01/03/l-archipel-nippon-nouvel-empire-du-jeu_5056867_4497271.html
            </link>
            <title>Le Japon, nouvel empire du jeu</title>
            <description>
                Les Japonais, qui s’adonnent souvent aux jeux d’argent et de hasard, sont désormais autorisés à fréquenter les casinos. Un enjeu financier colossal.
            </description>
            <pubDate>2017/01/03</pubDate>
            <guid isPermaLink="true">http://www.lemonde.fr/tiny/5056867/</guid>
            <enclosure url="http://s1.lemde.fr/image/2017/01/03/644x322/5056865_3_d3a4_le-pachinko-sorte-de-billard-ele_d002da0f6f502f1a49e67d1d5a61bcdf.jpg" type="image/jpeg" length="102027"/>
        </item>
        <item>
            <link>
                http://www.lemonde.fr/m-moyen-format/article/2017/01/02/noel-a-la-trump-tower-dans-l-antre-de-l-homme-le-plus-puissant-du-monde_5056545_4497271.html
            </link>
            <title>
                Noël à la Trump Tower, dans l’antre de l’homme le plus puissant du monde
            </title>
            <description>
                Séance de lèche-vitrines à la Trump Tower, repaire clinquant à la gloire du nouveau président des États-Unis.
            </description>
            <pubDate>2017/01/02</pubDate>
            <guid isPermaLink="true">http://www.lemonde.fr/tiny/5056545/</guid>
            <enclosure url="http://s2.lemde.fr/image/2017/01/02/644x322/5056543_3_4802_livres-boutons-de-manchette-parfums_b40f36c23d02da5f3330a45756cb6f6a.jpg" type="image/jpeg" length="32035"/>
        </item>
        <item>
            <link>
                http://www.lemonde.fr/m-actu/portfolio/2016/12/30/lacher-de-ballons-sur-les-pelouses-de-londres_5055796_4497186.html
            </link>
            <title>Lâcher de ballons sur les pelouses de Londres</title>
            <description>
                Le photographe Christophe Baker a pointé son objectif sur les pelouses d’Hackney Marshes, à Londres, et sur ses rencontres entre équipes de Premier League. Morceaux de bravoure du dimanche matin.
            </description>
            <pubDate>2016/12/30</pubDate>
            <guid isPermaLink="true">http://www.lemonde.fr/tiny/5055796/</guid>
            <enclosure url="http://s1.lemde.fr/image/2016/12/30/644x322/5055795_3_2036_ce-joueur-avait-une-telle-gueule-de-bois_637d6beef5485bc134a8eb470bdf33ed.jpg" type="image/jpeg" length="72925"/>
        </item>
        <item>
            <link>
                http://www.lemonde.fr/m-le-mag/article/2016/12/30/le-dimanche-a-londres-c-est-football-pour-le-meilleur-et-pour-le-pire_5055793_4500055.html
            </link>
            <title>
                Le dimanche à Londres, c’est football pour le meilleur et pour le pire
            </title>
            <description>
                Le photographe Christopher Baker a arpenté les pelouses d’Hackney Marshes, à Londres, terrain de jeu des amateurs. 80 équipes, pas toujours à jeun, s’y retrouvent chaque semaine.
            </description>
            <pubDate>2016/12/30</pubDate>
            <guid isPermaLink="true">http://www.lemonde.fr/tiny/5055793/</guid>
            <enclosure url="http://s2.lemde.fr/image/2016/12/30/644x322/5055790_3_09b6_pause-cigarette-avant-de-retourner-sur-le_ab5a6fd2bc033ada9c7c03c4b8ce39a6.jpg" type="image/jpeg" length="58225"/>
        </item>
        <item>
            <link>
                http://www.lemonde.fr/m-moyen-format/article/2016/12/30/en-inde-le-gros-son-de-nucleya-defoule-la-jeunesse_5055762_4497271.html
            </link>
            <title>
                En Inde, le gros son de Nucleya défoule la jeunesse
            </title>
            <description>
                En deux ans à peine, le DJ Nucleya est devenu une star en Inde. La clé de son succès : un son bien à lui, la « desi bass » mélange de rythmes électro et de musiques populaires.
            </description>
            <pubDate>2016/12/30</pubDate>
            <guid isPermaLink="true">http://www.lemonde.fr/tiny/5055762/</guid>
            <enclosure url="http://s1.lemde.fr/image/2016/12/30/644x322/5055761_3_54d2_le-dj-n-a-pas-hesite-a-se-produire-dans-des_e3e5996360ebcb9636231244b54170ce.jpg" type="image/jpeg" length="124614"/>
        </item>
        <item>
            <link>
                http://www.lemonde.fr/m-actu/article/2016/12/30/tabassee-par-quatre-hommes-une-athlete-mexicaine-temoigne-et-se-fait-insulter_5055520_4497186.html
            </link>
            <title>
                Agressée par quatre hommes, une athlète mexicaine témoigne… et se fait insulter
            </title>
            <description>
                Le passage à tabac d’Ana Gabriela Guevara, ex-sprinteuse et sénatrice, star dans son pays, a été le sujet d’une violente polémique sur les réseaux sociaux.
            </description>
            <pubDate>2016/12/30</pubDate>
            <guid isPermaLink="true">http://www.lemonde.fr/tiny/5055520/</guid>
            <enclosure url="http://s2.lemde.fr/image/2016/12/30/644x322/5055518_3_50f5_ana-gabriela-guevara-le-13-decembre-a-mexico-c_f2e06410a34aa7a5036dc28826ac5390.jpg" type="image/jpeg" length="51958"/>
        </item>
        <item>
            <link>
                http://www.lemonde.fr/m-actu/article/2016/12/30/les-australiens-plebiscitent-les-saucisses-de-la-democratie_5055516_4497186.html
            </link>
            <title>
                Manger une saucisse un jour d’élection, une tradition australienne
            </title>
            <description>
                Obligatoire en Australie, le vote est un moment festif qui va de pair avec la dégustation de saucisses. Un rituel tellement ancré dans les traditions que l’expression « democracy sausage » est entrée dans le dictionnaire.
            </description>
            <pubDate>2016/12/30</pubDate>
            <guid isPermaLink="true">http://www.lemonde.fr/tiny/5055516/</guid>
            <enclosure url="http://s1.lemde.fr/image/2016/12/30/644x322/5055513_3_5829_le-travailliste-bill-shorten-filme-en-train_e2d6a2153f4c39093528218d3ec546d8.jpg" type="image/jpeg" length="53390"/>
        </item>
        <item>
            <link>
                http://www.lemonde.fr/m-moyen-format/article/2016/12/28/diamond-island-reveille-les-salles-obscures-de-phnom-penh_5054770_4497271.html
            </link>
            <title>
                « Diamond Island » réveille les salles obscures de Phnom Penh
            </title>
            <description>
                Au Cambodge, pays bercé aux films d’horreur et aux comédies romantiques, le long-métrage de Davy Chou a réussi à se faire une place. Un succès dû en partie au jeu naturel de ses acteurs amateurs.
            </description>
            <pubDate>2016/12/28</pubDate>
            <guid isPermaLink="true">http://www.lemonde.fr/tiny/5054770/</guid>
            <enclosure url="http://s2.lemde.fr/image/2016/12/28/644x322/5054767_3_313d_les-deux-comediens-de-diamond-island-sobo_6f2fec34c06d33f44576d4862bf8fe25.jpg" type="image/jpeg" length="40677"/>
        </item>
        <item>
            <link>
                http://www.lemonde.fr/m-actu/article/2016/12/26/en-tunisie-la-dame-aux-acacias-lutte-contre-le-desert_5054228_4497186.html
            </link>
            <title>
                En Tunisie, la dame aux acacias lutte contre le désert
            </title>
            <description>
                En 2012, Sarah Toumi a fondé Acacias pour tous afin d’empêcher la désertification en Tunisie. Son projet s’est transformé en un combat contre les maux de sa région : la pauvreté, l’exode et les mentalités patriarcales.
            </description>
            <pubDate>2016/12/28</pubDate>
            <guid isPermaLink="true">http://www.lemonde.fr/tiny/5054228/</guid>
            <enclosure url="http://s1.lemde.fr/image/2016/12/26/644x322/5054223_3_8c8e_sarah-toumi-developpe-des-projets-associatifs_f7a44af73f7829e4eb2de6e9596aa4d2.jpg" type="image/jpeg" length="34297"/>
        </item>
        <item>
            <link>
                http://www.lemonde.fr/election-presidentielle-2017/article/2016/12/25/en-politique-l-espoir-ne-fait-plus-vivre_5053814_4854003.html
            </link>
            <title>En politique, l’espoir ne fait plus vivre</title>
            <description>
                Alors que la tendance est au repli sur soi, faire preuve d’optimisme est un pari risqué. L’expérience d’Alain Juppé, improbable chantre de « l’identité heureuse » et candidat malheureux à la primaire de la droite, en témoigne.
            </description>
            <pubDate>2016/12/26</pubDate>
            <guid isPermaLink="true">http://www.lemonde.fr/tiny/5053814/</guid>
            <enclosure url="http://s2.lemde.fr/image/2016/12/25/644x322/5053813_3_2d03_l-identite-heureuse-promise-par-alain-j_ed409eefe98991832265aefa1fac25cc.jpg" type="image/jpeg" length="29300"/>
        </item>
        <item>
            <link>
                http://www.lemonde.fr/m-le-mag/article/2016/12/24/l-avocat-qui-donne-la-parole-aux-etudiants-de-seine-saint-denis_5053684_4500055.html
            </link>
            <title>
                L’avocat qui donne la parole aux étudiants de Seine-Saint-Denis
            </title>
            <description>
                Dans le cadre du concours Eloquentia, Me Bertrand Périer enseigne l’art de la rhétorique à l’université Paris-VIII. Un exercice jubilatoire.
            </description>
            <pubDate>2016/12/25</pubDate>
            <guid isPermaLink="true">http://www.lemonde.fr/tiny/5053684/</guid>
            <enclosure url="http://s1.lemde.fr/image/2016/12/24/644x322/5053682_3_357b_bertrand-perier-le-9-decembre_c867b32850bf6b375199a2f444b5dc72.jpg" type="image/jpeg" length="30169"/>
        </item>
        <item>
            <link>
                http://www.lemonde.fr/m-actu/portfolio/2016/12/23/petit-papa-cruel_5053547_4497186.html
            </link>
            <title>Petit papa cruel</title>
            <description>
                Retrouvés par hasard, des clichés pris dans les années 1950-1960 et négligés par les parents (on comprend un peu pourquoi…) mettent en scène des mômes endimanchés dont les yeux ne brillent pas de la joie d’un moment d’intimité avec le Père Noël.
            </description>
            <pubDate>2016/12/24</pubDate>
            <guid isPermaLink="true">http://www.lemonde.fr/tiny/5053547/</guid>
            <enclosure url="http://s2.lemde.fr/image/2016/12/23/644x322/5053533_3_722d_2016-12-21-dbffba6-7785-djucgs-k9erssjor_3798f718c57e21ab259b0d9e58a06d17.jpg" type="image/jpeg" length="31190"/>
        </item>
    </channel>
</rss>